{"id":"08efd9f4-0a06-442f-ba3f-d5ead32f7a34","alias":"FlxengagementWebPart","componentType":"WebPart","version":"0.0.1","manifestVersion":2,"requiresCustomScript":false,"supportedHosts":["SharePointWebPart"],"preconfiguredEntries":[{"groupId":"5c03119e-3074-46fd-976b-c60198311f70","group":{"default":"Other"},"title":{"default":"flxengagement"},"description":{"default":"flxengagement"},"officeFabricIconFontName":"Page","properties":{"description":"flxengagement"}}],"loaderConfig":{"entryModuleId":"flxengagement-web-part","internalModuleBaseUrls":["<!-- PATH TO CDN -->/"],"scriptResources":{"flxengagement-web-part":{"type":"path","path":"flxengagement-web-part_c704db96139a94f838e55806a1500f56.js"},"FlxengagementWebPartStrings":{"defaultPath":"flxengagement-flxengagementwebpartstrings_en-us_536e65149b0acf4d52c0043073b9fc59.js","type":"localizedPath","paths":{}},"@microsoft/sp-property-pane":{"type":"component","version":"1.11.0","id":"f9e737b7-f0df-4597-ba8c-3060f82380db"},"@microsoft/sp-core-library":{"type":"component","version":"1.11.0","id":"7263c7d0-1d6a-45ec-8d85-d4d1d234171b"},"@microsoft/sp-webpart-base":{"type":"component","version":"1.11.0","id":"974a7777-0990-4136-8fa6-95d80114c2e0"}}}}